City,Mean_LCOE,Std_LCOE,Mean_Payback_Period,Std_Payback_Period
Shanghai,0.04978318139787774,6.897174910285814e-05,1.48743369811151,0.001307672917513279
Harbin,0.050476936701897325,0.0003358273783193656,1.5344168406974128,0.011087788890344735
Urumqi,0.05504007305659856,0.0009881420585709508,1.669927747418161,0.034313296930116206
Beijing,0.055883263617041226,0.0020451948170371976,2.0894092657273795,0.30641644058267903
Lasa,0.02750578784927742,1.9326427081165044e-05,3.2800019713757678,0.0023046320022989952
Haikou,0.035336391599947524,1.3423878334973033e-05,4.2137834678376205,0.001600766632954121
