season,mean_cop,std_cop
spring,3.8490580360724183,4.829306544112348
summer,2.725046412846783,2.6620151660463987
fall,2.5654281974600006,3.689292884297389
winter,3.9388869366197454,6.833854739518789
