season,mean_cop
spring,2.843745369103525
summer,2.7089708782591866
fall,2.040014063923145
winter,1.9831339814964317
