City,Avg_Daily_Radiation
Shanghai,8.7310776916274
Harbin,7.332101338386301
Haikou,9.504072958457535
Lasa,8.861020700663014
Urumqi,7.547208004813699
