City,Avg_Solar_Hours
Shanghai,11.241095890410959
Harbin,10.978082191780821
Haikou,11.46027397260274
Lasa,11.216438356164383
Urumqi,11.065753424657535
