City,Avg_Daily_Radiation,Daily_Direct_Radiation,Daily_Diffuse_Radiation,Daily_Total_Radiation
Shanghai,3.953227397260274,2.231232876712329,1.7219945205479452,8.731077691627398
Harbin,3.80713698630137,2.3279479452054797,1.4791890410958903,7.332101338386301
Haikou,4.716438356164384,2.8500821917808223,1.8663561643835618,9.504072958457535
Lasa,5.883194520547945,4.338967123287671,1.544227397260274,8.861020700663014
Urumqi,4.213660273972603,2.4555205479452056,1.7581397260273972,7.547208004813699
